성,이름,주소,생년월일,전화번호
김,철수,kim@example.com,2014/10/27,022-632-3916
이,영희,lee@example.com,2014/12/22,094-217-7885
박,유신,park@example.com,2015/3/28,052- 52-8267
최,영희,choi@example.com,2014/9/21,087-704-1057
조,철수,cho@example.com,2015/4/29,018-213-1284
김,만규,man@example.com,2015/1/25,029-621- 568
이,만기,manki@example.com,2014/11/3,069-476- 524
조,반석,ban@example.com,2015/1/1,066-679-9396
박,배문,bae@example.com,2014/9/13,010-442-1157
최,백강,kang@example.com,2015/2/12,088-166-8424
김,사민,samin@example.com,2014/12/19,099-605-5928
이,산우,sanw@example.com,2014/8/15,037-688-9026
이,상진,sang@example.com,2015/4/26,061- 19-8166
김,석오,suko@example.com,2014/7/11,046-333- 629
최,수찬,soo@example.com,2014/10/26,015-241-6865
박,명진,myung@example.com,2014/11/20,051-870-1155
김,완섭,wan@example.com,2015/3/30,033-345- 264
원,희운,won@example.com,2014/8/30,019-773-4855
박,원효,wonh@example.com,2015/3/30,033-345- 264
이,조이,joy@example.com,2014/8/30,019-773-4855